algorithm,profile,n,comparisons,assignments,seconds,correct
selection,random,100,4950,609,0.000221,1
selection,sorted,100,4950,0,0.0002,1
selection,reversed,100,4950,2650,0.000271,1
selection,nearly_sorted,100,4950,5,0.000207,1
selection,few_unique,100,4950,457,0.000223,1
selection,random,200,19900,1353,0.00085,1
selection,sorted,200,19900,0,0.000809,1
selection,reversed,200,19900,10214,0.001071,1
selection,nearly_sorted,200,19900,10,0.000799,1
selection,few_unique,200,19900,880,0.000844,1
selection,random,500,124750,3810,0.005702,1
selection,sorted,500,124750,0,0.005739,1
selection,reversed,500,124750,61696,0.007344,1
selection,nearly_sorted,500,124750,29,0.00571,1
selection,few_unique,500,124750,2350,0.005724,1
selection,random,1000,499500,8327,0.023302,1
selection,sorted,1000,499500,0,0.023157,1
selection,reversed,1000,499500,241225,0.030231,1
selection,nearly_sorted,1000,499500,50,0.023604,1
selection,few_unique,1000,499500,4529,0.023559,1
selection,random,2000,1999000,18057,0.097032,1
selection,sorted,2000,1999000,0,0.096238,1
selection,reversed,2000,1999000,914266,0.123141,1
selection,nearly_sorted,2000,1999000,114,0.097689,1
selection,few_unique,2000,1999000,9190,0.099975,1
selection,random,3000,4498500,29473,0.233545,1
selection,sorted,3000,4498500,0,0.228883,1
selection,reversed,3000,4498500,1946603,0.282821,1
selection,nearly_sorted,3000,4498500,165,0.219523,1
selection,few_unique,3000,4498500,13670,0.223125,1
bubble_naive,random,100,9900,7095,0.000567,1
bubble_naive,sorted,100,9900,0,0.000448,1
bubble_naive,reversed,100,9900,14850,0.0007,1
bubble_naive,nearly_sorted,100,9900,141,0.000437,1
bubble_naive,few_unique,100,9900,6237,0.000583,1
bubble_naive,random,200,39800,28236,0.002365,1
bubble_naive,sorted,200,39800,0,0.001791,1
bubble_naive,reversed,200,39800,59694,0.002872,1
bubble_naive,nearly_sorted,200,39800,372,0.001799,1
bubble_naive,few_unique,200,39800,25086,0.002341,1
bubble_naive,random,500,249500,183504,0.016842,1
bubble_naive,sorted,500,249500,0,0.012991,1
bubble_naive,reversed,500,249500,374217,0.020085,1
bubble_naive,nearly_sorted,500,249500,3801,0.012749,1
bubble_naive,few_unique,500,249500,161955,0.016304,1
bubble_naive,random,1000,999000,712479,0.071391,1
bubble_naive,sorted,1000,999000,0,0.054406,1
bubble_naive,reversed,1000,999000,1498374,0.08785,1
bubble_naive,nearly_sorted,1000,999000,23076,0.054179,1
bubble_naive,few_unique,1000,999000,646371,0.070219,1
bubble_naive,random,2000,3998000,2966283,0.299027,1
bubble_naive,sorted,2000,3998000,0,0.228699,1
bubble_naive,reversed,2000,3998000,5996424,0.357623,1
bubble_naive,nearly_sorted,2000,3998000,85185,0.23137,1
bubble_naive,few_unique,2000,3998000,2664615,0.283855,1
bubble_naive,random,3000,8997000,6625512,0.68866,1
bubble_naive,sorted,3000,8997000,0,0.536315,1
bubble_naive,reversed,3000,8997000,13494168,0.801127,1
bubble_naive,nearly_sorted,3000,8997000,190740,0.535601,1
bubble_naive,few_unique,3000,8997000,5942604,0.651655,1
bubble_flag,random,100,4760,7095,0.000361,1
bubble_flag,sorted,100,99,0,4e-06,1
bubble_flag,reversed,100,4950,14850,0.000506,1
bubble_flag,nearly_sorted,100,2175,141,9.9e-05,1
bubble_flag,few_unique,100,4719,6237,0.000339,1
bubble_flag,random,200,19894,28236,0.001475,1
bubble_flag,sorted,200,199,0,8e-06,1
bubble_flag,reversed,200,19900,59694,0.002032,1
bubble_flag,nearly_sorted,200,7810,372,0.000371,1
bubble_flag,few_unique,200,19780,25086,0.001436,1
bubble_flag,random,500,124560,183504,0.010365,1
bubble_flag,sorted,500,499,0,2.3e-05,1
bubble_flag,reversed,500,124750,374217,0.014304,1
bubble_flag,nearly_sorted,500,104449,3801,0.005646,1
bubble_flag,few_unique,500,122980,161955,0.009665,1
bubble_flag,random,1000,499290,712479,0.044859,1
bubble_flag,sorted,1000,999,0,5.1e-05,1
bubble_flag,reversed,1000,499500,1498374,0.059974,1
bubble_flag,nearly_sorted,1000,454049,23076,0.024854,1
bubble_flag,few_unique,1000,495495,646371,0.041625,1
bubble_flag,random,2000,1993005,2966283,0.19291,1
bubble_flag,sorted,2000,1999,0,0.000104,1
bubble_flag,reversed,2000,1999000,5996424,0.256911,1
bubble_flag,nearly_sorted,2000,1968372,85185,0.115351,1
bubble_flag,few_unique,2000,1983949,2664615,0.176583,1
bubble_flag,random,3000,4496154,6625512,0.441286,1
bubble_flag,sorted,3000,2999,0,0.000165,1
bubble_flag,reversed,3000,4498500,13494168,0.581414,1
bubble_flag,nearly_sorted,3000,4290165,190740,0.249486,1
bubble_flag,few_unique,3000,4455429,5942604,0.391327,1
insertion,random,100,2462,2563,0.000204,1
insertion,sorted,100,99,198,1e-05,1
insertion,reversed,100,4950,5148,0.000424,1
insertion,nearly_sorted,100,146,245,1.4e-05,1
insertion,few_unique,100,2177,2277,0.000187,1
insertion,random,200,9607,9810,0.00082,1
insertion,sorted,200,199,398,2.2e-05,1
insertion,reversed,200,19900,20296,0.001693,1
insertion,nearly_sorted,200,323,522,3.2e-05,1
insertion,few_unique,200,8560,8760,0.000725,1
insertion,random,500,61662,62166,0.005593,1
insertion,sorted,500,499,998,6.3e-05,1
insertion,reversed,500,124750,125737,0.011311,1
insertion,nearly_sorted,500,1766,2265,0.000172,1
insertion,few_unique,500,54483,54983,0.004849,1
insertion,random,1000,238487,239491,0.02253,1
insertion,sorted,1000,999,1998,0.000128,1
insertion,reversed,1000,499497,501456,0.047355,1
insertion,nearly_sorted,1000,8691,9690,0.000878,1
insertion,few_unique,1000,216455,217455,0.0206,1
insertion,random,2000,990755,992759,0.097008,1
insertion,sorted,2000,1999,3998,0.00029,1
insertion,reversed,2000,1998982,2002806,0.192321,1
insertion,nearly_sorted,2000,30394,32393,0.003081,1
insertion,few_unique,2000,890203,892203,0.087205,1
insertion,random,3000,2211498,2214502,0.215958,1
insertion,sorted,3000,2999,5998,0.000434,1
insertion,reversed,3000,4498463,4504054,0.44264,1
insertion,nearly_sorted,3000,66579,69578,0.006988,1
insertion,few_unique,3000,1983866,1986866,0.19635,1
merge,random,100,548,1344,8.7e-05,1
merge,sorted,100,316,1344,7.2e-05,1
merge,reversed,100,356,1344,7.6e-05,1
merge,nearly_sorted,100,341,1344,7.4e-05,1
merge,few_unique,100,546,1344,8.6e-05,1
merge,random,1000,8704,19952,0.001289,1
merge,sorted,1000,4932,19952,0.001081,1
merge,reversed,1000,5060,19952,0.00111,1
merge,nearly_sorted,1000,6205,19952,0.001141,1
merge,few_unique,1000,8481,19952,0.001266,1
merge,random,10000,120472,267232,0.01756,1
merge,sorted,10000,64608,267232,0.014367,1
merge,reversed,10000,70539,267232,0.015226,1
merge,nearly_sorted,10000,98447,267232,0.016027,1
merge,few_unique,10000,116270,267232,0.01694,1
merge,random,50000,717941,1568928,0.112673,1
merge,sorted,50000,382512,1568928,0.088067,1
merge,reversed,50000,419873,1568928,0.092282,1
merge,nearly_sorted,50000,602138,1568928,0.101314,1
merge,few_unique,50000,691914,1568928,0.099143,1
quick_mid,random,100,934,516,6.4e-05,1
quick_mid,sorted,100,606,189,3.8e-05,1
quick_mid,reversed,100,610,336,4.2e-05,1
quick_mid,nearly_sorted,100,606,192,3.8e-05,1
quick_mid,few_unique,100,744,708,5.8e-05,1
quick_mid,random,1000,13213,7749,0.000945,1
quick_mid,sorted,1000,9091,1638,0.00053,1
quick_mid,reversed,1000,9096,3135,0.000558,1
quick_mid,nearly_sorted,1000,9091,1704,0.000535,1
quick_mid,few_unique,1000,10582,11511,0.000851,1
quick_mid,random,10000,165166,104937,0.012471,1
quick_mid,sorted,10000,129750,24318,0.007952,1
quick_mid,reversed,10000,129750,39315,0.00838,1
quick_mid,nearly_sorted,10000,130354,25425,0.007924,1
quick_mid,few_unique,10000,132020,164898,0.011213,1
quick_mid,random,50000,1025478,631713,0.077555,1
quick_mid,sorted,50000,773822,196047,0.049585,1
quick_mid,reversed,50000,773846,271044,0.051103,1
quick_mid,nearly_sorted,50000,774836,203334,0.051929,1
quick_mid,few_unique,50000,818339,991497,0.067958,1
quick_random,random,100,929,558,9.6e-05,1
quick_random,sorted,100,737,186,6.5e-05,1
quick_random,reversed,100,753,339,6.8e-05,1
quick_random,nearly_sorted,100,737,189,6.3e-05,1
quick_random,few_unique,100,734,687,8e-05,1
quick_random,random,1000,14151,7737,0.001229,1
quick_random,sorted,1000,12460,2058,0.000897,1
quick_random,reversed,1000,12467,3552,0.000911,1
quick_random,nearly_sorted,1000,12244,2145,0.000887,1
quick_random,few_unique,1000,10017,11478,0.000987,1
quick_random,random,10000,177193,104064,0.015804,1
quick_random,sorted,10000,178417,26061,0.01266,1
quick_random,reversed,10000,176026,41013,0.012716,1
quick_random,nearly_sorted,10000,172652,27168,0.012586,1
quick_random,few_unique,10000,140436,163623,0.013506,1
quick_random,random,50000,1003680,638427,0.091408,1
quick_random,sorted,50000,975761,196488,0.074848,1
quick_random,reversed,50000,1012586,271539,0.077096,1
quick_random,nearly_sorted,50000,1000613,203352,0.075642,1
quick_random,few_unique,50000,817942,986304,0.076873,1
heap,random,100,1027,1761,0.000103,1
heap,sorted,100,1081,1920,0.000112,1
heap,reversed,100,944,1548,9.3e-05,1
heap,nearly_sorted,100,1080,1917,0.00011,1
heap,few_unique,100,990,1614,9.7e-05,1
heap,random,1000,16850,27297,0.001687,1
heap,sorted,1000,17575,29019,0.001813,1
heap,reversed,1000,15965,24963,0.001593,1
heap,nearly_sorted,1000,17541,29079,0.001816,1
heap,few_unique,1000,15893,25008,0.0016,1
heap,random,10000,235381,372420,0.025447,1
heap,sorted,10000,244447,393663,0.026275,1
heap,reversed,10000,226685,350106,0.024427,1
heap,nearly_sorted,10000,244225,393072,0.026847,1
heap,few_unique,10000,218077,338451,0.022133,1
heap,random,50000,1409583,2211819,0.165882,1
heap,sorted,50000,1456752,2321289,0.163401,1
heap,reversed,50000,1365655,2096193,0.150172,1
heap,nearly_sorted,50000,1455556,2319321,0.166875,1
heap,few_unique,50000,1294432,1997646,0.132058,1
counting,random,100,0,10075,0.000205,1
counting,sorted,100,0,10075,0.000193,1
counting,reversed,100,0,10075,0.000193,1
counting,nearly_sorted,100,0,10075,0.000195,1
counting,few_unique,100,0,210,1.1e-05,1
counting,random,1000,0,11994,0.000319,1
counting,sorted,1000,0,11994,0.000326,1
counting,reversed,1000,0,11994,0.000331,1
counting,nearly_sorted,1000,0,11994,0.000328,1
counting,few_unique,1000,0,2010,0.000113,1
counting,random,10000,0,30000,0.001501,1
counting,sorted,10000,0,30000,0.001534,1
counting,reversed,10000,0,30000,0.001702,1
counting,nearly_sorted,10000,0,30000,0.001478,1
counting,few_unique,10000,0,20010,0.001195,1
counting,random,50000,0,110001,0.006652,1
counting,sorted,50000,0,110001,0.007433,1
counting,reversed,50000,0,110001,0.007213,1
counting,nearly_sorted,50000,0,110001,0.007211,1
counting,few_unique,50000,0,100010,0.006255,1
